timestamp,pos_error_m,heading_error_deg,velocity_error_mps,time_diff_s
1662794066.020862,0.000000,0.000000,0.000000,0.000000
1662794066.525529,0.000000,0.000000,0.000000,0.000000
1662794067.033385,0.037462,1.063831,0.009531,0.040424
1662794067.547951,0.057176,1.071118,0.009155,0.026863
1662794068.062148,0.000000,0.000000,0.000000,0.000000
1662794068.571249,0.052304,0.367557,0.001848,0.020180
1662794069.084495,0.065531,0.816517,0.005472,0.020192
1662794069.598005,0.069357,1.129503,0.000720,0.040417
1662794070.107158,0.000000,0.000000,0.000000,0.000000
1662794070.647839,0.091164,1.094543,0.005107,0.044997
1662794071.158963,0.069450,1.318556,0.003052,0.040457
1662794071.693799,0.052869,0.399957,0.003052,0.040374
1662794072.210993,0.069035,0.385417,0.005286,0.020220
1662794072.737980,0.079987,1.019913,0.000818,0.040455
1662794073.252402,0.060398,0.968647,0.004900,0.020218
1662794073.783580,0.063155,1.442323,0.003427,0.040467
1662794074.296624,0.000000,0.000000,0.000000,0.000000
1662794074.804909,0.000000,0.000000,0.000000,0.000000
1662794075.314407,0.000000,0.000000,0.000000,0.000000
1662794075.823975,0.080387,1.407370,0.002895,0.044578
1662794076.327131,0.000000,0.000000,0.000000,0.000000
1662794076.832849,0.086800,0.407796,0.002331,0.040447
1662794077.340048,0.081444,0.197528,0.006687,0.020652
1662794077.848253,0.021046,0.916567,0.000495,0.020265
1662794078.361048,0.039370,0.940162,0.002376,0.020183
1662794078.866763,0.000000,0.000000,0.000000,0.000000
1662794079.382531,0.000000,0.000000,0.000000,0.000000
1662794079.914456,0.000000,0.000000,0.000000,0.000000
1662794080.429489,0.000000,0.000000,0.000000,0.000000
1662794080.941567,0.049440,1.359125,0.003052,0.020428
1662794081.446689,0.046620,1.793398,0.004900,0.040394
1662794081.976233,0.056650,1.666841,0.009155,0.040375
1662794082.485266,0.071774,1.576421,0.002263,0.020227
1662794082.992449,0.080390,1.495463,0.001680,0.040339
1662794083.498959,0.082948,1.453690,0.002528,0.020168
1662794084.004524,0.049481,0.994433,0.007475,0.040399
1662794084.515748,0.023586,1.024545,0.003772,0.040326
1662794085.024313,0.000000,0.000000,0.000000,0.000000
1662794085.529015,0.048232,0.112127,0.014351,0.040332
1662794086.036507,0.000000,0.000000,0.000000,0.000000
1662794086.547652,0.105523,1.919535,0.034301,0.040346
1662794087.059293,0.233417,2.589702,0.026969,0.040372
1662794087.589641,0.364887,2.987571,0.007567,0.040459
1662794088.037507,0.451554,3.508207,0.024222,0.000000
1662794088.384186,0.519956,2.516120,0.018445,0.000000
1662794088.708680,0.000000,0.000000,0.000000,0.000000
1662794088.974575,0.587722,0.314540,0.027233,0.000000
1662794089.198694,0.572089,0.924730,0.092227,0.040425
1662794089.361994,0.652189,1.363561,0.000072,0.020164
1662794089.509482,0.000000,0.000000,0.000000,0.000000
1662794089.611438,0.794324,1.815376,0.067240,0.000000
1662794089.671952,0.873093,1.260689,0.030830,0.000000
1662794089.712269,0.830998,1.370205,0.024595,0.000000
1662794089.793157,0.829599,0.785875,0.031126,0.000000
1662794089.874039,0.000000,0.000000,0.000000,0.000000
1662794089.974889,0.771937,0.025268,0.033519,0.000000
1662794090.015340,0.856106,0.314821,0.033634,0.000000
1662794090.081091,0.761748,0.658144,0.005506,0.020211
1662794090.161917,0.718834,1.035329,0.005057,0.040413
1662794090.242672,0.000000,0.000000,0.000000,0.000000
1662794090.303965,0.828963,2.146152,0.019406,0.000000
1662794090.384671,0.794772,2.617826,0.003950,0.000000
1662794090.465406,0.785306,2.909279,0.014706,0.000000
1662794090.525894,0.781340,2.973639,0.024366,0.000000
1662794090.626947,0.665861,3.281349,0.006968,0.040501
1662794090.748175,0.623790,3.612804,0.016111,0.040416
1662794090.849167,0.704041,3.410582,0.000084,0.000000
1662794090.950752,0.684160,2.619478,0.006260,0.000000
1662794091.072086,0.670141,1.788869,0.002944,0.000000
1662794091.213509,0.000000,0.000000,0.000000,0.000000
1662794091.355293,0.592013,0.390310,0.031030,0.040359
1662794091.461621,0.726427,0.158831,0.006747,0.000000
1662794091.564195,0.707113,0.164705,0.017843,0.000000
1662794091.686090,0.631103,1.113624,0.002876,0.000000
1662794091.829575,0.582619,2.043481,0.011968,0.000000
1662794091.970770,0.595353,2.123949,0.009025,0.000000
1662794092.112556,0.582939,2.505234,0.024856,0.000000
1662794092.276577,0.546633,2.875804,0.000014,0.000000
1662794092.417881,0.591555,3.209077,0.006779,0.000000
1662794092.566306,0.597944,3.508143,0.018652,0.026385
1662794092.707726,0.528401,3.931730,0.021491,0.040411
1662794092.809024,0.657745,4.474938,0.018782,0.000000
1662794092.930448,0.664185,5.493434,0.005991,0.000000
1662794092.950634,0.650112,5.651821,0.035528,0.000000
1662794092.991066,0.000000,0.000000,0.000000,0.000000
1662794093.031472,0.125149,0.149874,0.018099,0.040406
1662794093.031472,0.654095,0.000000,0.008543,0.000000
1662794093.071860,0.751771,3.913892,0.026397,0.040388
1662794093.423828,0.000000,0.000000,0.000000,0.000000
1662794093.423828,0.706999,0.000000,0.002935,0.000000
1662794093.470622,0.000000,0.000000,0.000000,0.000000
1662794093.531208,0.000000,0.000000,0.000000,0.000000
1662794093.857578,0.420763,0.296862,0.005823,0.000000
1662794094.041679,0.553238,2.300192,0.039660,0.000000
1662794094.187061,0.642486,4.207902,0.030427,0.000000
1662794094.290137,0.712099,5.742621,0.013957,0.000000
1662794094.330472,0.000000,0.000000,0.000000,0.000000
1662794094.370907,0.141700,0.093601,0.050140,0.040434
1662794094.451824,0.000000,0.000000,0.000000,0.000000
1662794094.492203,0.000000,0.000000,0.000000,0.000000
1662794094.552870,0.000000,0.000000,0.000000,0.000000
1662794094.593330,0.220246,1.545749,0.040062,0.040460
1662794094.694476,0.000000,0.000000,0.000000,0.000000
1662794094.734851,0.141209,0.137591,0.020365,0.040375
1662794094.815752,0.272519,0.411640,0.004747,0.080901
1662794094.835917,0.000000,0.000000,0.000000,0.000000
1662794094.876312,0.000000,0.000000,0.000000,0.000000
1662794094.957434,0.265477,0.006324,0.010936,0.081122
1662794094.997749,0.000000,0.000000,0.000000,0.000000
1662794095.059211,0.000000,0.000000,0.000000,0.000000
1662794095.099561,0.158496,0.794876,0.029937,0.040350
1662794095.139915,0.130003,0.163215,0.017502,0.040354
1662794095.200452,0.227488,0.962742,0.043147,0.060537
1662794095.261620,0.183698,0.357701,0.015152,0.061168
1662794095.281927,0.065927,0.004845,0.026669,0.020308
1662794095.322350,0.137493,0.107196,0.033676,0.040422
1662794095.342580,0.070349,0.108887,0.002110,0.020231
1662794095.564690,0.250032,0.009427,0.017425,0.080688
1662794095.645446,0.260437,0.005031,0.044646,0.080756
1662794095.665616,0.069847,0.593313,0.046308,0.020170
1662794095.735016,0.000000,0.000000,0.000000,0.000000
1662794095.775434,0.133618,0.060354,0.020043,0.040418
1662794095.815877,0.000000,0.000000,0.000000,0.000000
1662794095.896776,0.234258,0.065248,0.025065,0.080899
1662794096.044242,0.000000,0.000000,0.000000,0.000000
1662794096.064389,0.000000,0.000000,0.000000,0.000000
1662794096.145186,0.205307,0.461710,0.076653,0.080797
1662794096.226150,0.255901,0.308281,0.017310,0.080964
1662794096.328479,0.000000,0.000000,0.000000,0.000000
1662794096.579223,0.000000,0.000000,0.000000,0.000000
1662794096.903085,0.351567,2.876915,0.032004,0.000000
1662794097.125473,0.318341,0.548159,0.010843,0.000000
1662794097.387834,0.248202,2.107158,0.037796,0.040435
1662794097.631551,0.265982,7.197714,0.007204,0.000000
1662794097.631551,0.085164,7.197714,0.006077,0.000000
1662794097.672318,0.175696,0.594545,0.056632,0.040767
1662794097.995399,0.300271,4.295797,0.023216,0.000000
1662794098.140088,0.365565,10.196212,0.010624,0.000000
1662794098.140088,0.056293,10.196212,0.044639,0.000000
1662794098.588972,0.000000,0.000000,0.000000,0.000000
1662794098.712832,0.295733,7.059610,0.027241,0.000000
1662794098.733025,0.000000,0.000000,0.000000,0.000000
1662794098.733025,0.190258,0.000000,0.002925,0.000000
1662794098.813768,0.039449,4.719537,0.015434,0.080743
1662794099.080871,0.258404,2.463261,0.044438,0.000000
1662794099.363684,0.336907,5.123667,0.002181,0.000000
1662794099.404172,0.328057,6.769882,0.003622,0.000000
1662794099.404172,0.057375,6.769882,0.023142,0.000000
1662794099.485371,0.264958,3.275422,0.022869,0.081199
1662794099.586891,0.389238,3.672359,0.005714,0.000000
1662794099.729357,0.421238,4.290780,0.036900,0.000000
1662794099.851959,0.410620,6.600592,0.035159,0.000000
1662794099.851959,0.085164,6.600592,0.058355,0.000000
1662794099.872183,0.567392,2.290784,0.064804,0.020224
1662794100.137596,0.532034,4.358573,0.029863,0.000000
1662794100.259774,0.547693,4.769882,0.023618,0.000000
1662794100.320436,0.488599,6.166622,0.031003,0.000000
1662794100.361099,0.611240,5.495607,0.013057,0.040663
1662794100.361099,0.463752,0.000000,0.017409,0.000000
1662794100.421722,0.285918,7.395941,0.075430,0.060622
1662794100.785398,0.323147,4.908829,0.042864,0.040350
1662794100.785398,0.214726,0.000000,0.022118,0.000000
1662794100.866215,0.000000,0.000000,0.000000,0.000000
1662794101.068252,0.378441,6.223280,0.013510,0.020181
1662794101.068252,0.255604,0.000000,0.020422,0.000000
1662794101.068252,0.222916,0.000000,0.018947,0.000000
1662794101.149271,0.141651,3.558874,0.061272,0.081019
1662794101.189744,0.104748,1.789048,0.011123,0.040472
1662794101.250299,0.000000,0.000000,0.000000,0.000000
1662794101.310849,0.000000,0.000000,0.000000,0.000000
1662794101.371355,0.175831,0.453189,0.033710,0.060505
1662794101.452183,0.220907,0.904288,0.034464,0.080829
1662794101.478730,0.000000,0.000000,0.000000,0.000000
1662794101.560480,0.060361,3.030844,0.017233,0.081750
1662794101.621046,0.000000,0.000000,0.000000,0.000000
1662794101.845651,0.000000,0.000000,0.000000,0.000000
1662794102.355887,0.000000,0.000000,0.000000,0.000000
1662794102.416394,0.000000,0.000000,0.000000,0.000000
1662794102.497099,0.000000,0.000000,0.000000,0.000000
1662794102.557713,0.351093,8.834406,0.050401,0.060613
1662794102.638420,0.000000,0.000000,0.000000,0.000000
1662794102.802862,0.130898,1.631542,0.012314,0.062511
1662794102.843285,0.208162,0.741956,0.042763,0.040423
1662794102.924034,0.410888,4.963848,0.077368,0.080749
1662794103.027283,0.000000,0.000000,0.000000,0.000000
1662794103.108155,0.000000,0.000000,0.000000,0.000000
1662794103.170901,0.164063,0.668728,0.052303,0.062746
1662794103.251767,0.318038,1.027145,0.002538,0.080866
1662794103.312399,0.219548,0.637964,0.072335,0.060632
1662794103.352758,0.124861,0.294737,0.015707,0.040360
1662794103.575058,0.000000,0.000000,0.000000,0.000000
1662794103.716746,0.000000,0.000000,0.000000,0.000000
1662794103.837829,0.000000,0.000000,0.000000,0.000000
1662794103.898409,0.000000,0.000000,0.000000,0.000000
1662794103.938869,0.000000,0.000000,0.000000,0.000000
1662794104.121518,0.496452,0.647837,0.023726,0.080686
1662794104.774335,0.000000,0.000000,0.000000,0.000000
1662794104.834924,0.143019,1.178156,0.023788,0.060589
1662794105.341201,0.073952,3.175655,0.025043,0.060612
1662794105.786910,0.000000,0.000000,0.000000,0.000000
1662794105.993331,0.000000,0.000000,0.000000,0.000000
1662794106.074426,0.286628,0.813143,0.036906,0.081095
1662794106.405981,0.000000,0.000000,0.000000,0.000000
1662794106.466650,0.000000,0.000000,0.000000,0.000000
1662794106.649711,0.000000,0.000000,0.000000,0.000000
1662794106.873625,0.000000,0.000000,0.000000,0.000000
1662794107.014836,0.000000,0.000000,0.000000,0.000000
1662794107.075471,0.000000,0.000000,0.000000,0.000000
1662794107.277222,2.097742,1.873743,0.007877,0.080746
1662794107.378323,0.000000,0.000000,0.000000,0.000000
1662794107.524495,0.000000,0.000000,0.000000,0.000000
1662794107.726577,6.811488,2.927481,0.006597,0.060663
1662794108.030715,21.036495,13.248033,0.014210,0.081219
1662794108.253205,0.000000,0.000000,0.000000,0.000000
1662794108.356687,0.000000,0.000000,0.000000,0.000000
1662794108.639174,0.000000,0.000000,0.000000,0.000000
1662794109.044972,20.968182,4.076337,0.008040,0.081256
1662794110.063885,0.000000,0.000000,0.000000,0.000000
1662794110.386873,0.087186,0.428464,0.010015,0.000000
1662794110.774170,0.035836,0.087889,0.032442,0.000000
1662794111.139106,0.115023,0.164795,0.000609,0.040355
1662794111.465968,0.057511,0.153807,0.008438,0.000000
1662794111.829624,0.035836,0.109862,0.015104,0.000000
1662794112.156733,0.065390,0.219725,0.007818,0.000000
1662794112.490908,0.073622,0.263670,0.015082,0.000000
1662794112.818299,0.099546,0.406492,0.029814,0.000000
1662794113.144655,0.066605,0.329587,0.011229,0.000000
1662794113.467866,0.028146,0.164792,0.009928,0.000000
1662794113.795356,0.131817,0.648191,0.007662,0.040897
1662794114.087119,0.037528,0.120847,0.000107,0.000000
1662794114.420049,0.094474,0.406492,0.034806,0.041967
1662794114.685196,0.066605,0.285642,0.008657,0.000000
1662794115.029959,0.000000,0.000000,0.000000,0.000000
1662794115.312680,0.037528,0.131834,0.022568,0.000000
1662794115.616503,0.069319,0.186766,0.000705,0.000000
1662794115.901522,0.069319,0.131835,0.026820,0.000000
1662794116.184595,0.103780,0.120849,0.022354,0.000000
1662794116.507653,0.103780,0.000000,0.017146,0.020201
1662794116.794814,0.073622,0.076904,0.074329,0.000000
1662794117.098401,0.073622,0.076904,0.017536,0.000000
1662794117.385255,0.069319,0.076904,0.007567,0.000000
1662794117.692277,0.112333,0.142822,0.007023,0.020176
1662794117.955081,0.099546,0.329588,0.000745,0.000000
1662794118.261801,0.030252,0.164793,0.009635,0.000000
1662794118.531661,0.039133,0.175778,0.022105,0.000000
1662794118.835447,0.103797,0.505368,0.004231,0.040494
1662794119.097901,0.065675,0.340573,0.039393,0.000000
1662794119.381611,0.039133,0.197751,0.071393,0.000000
1662794119.664262,0.000000,0.000000,0.000000,0.000000
1662794119.927681,0.105560,0.472409,0.021275,0.000000
1662794120.210871,0.078266,0.274656,0.061371,0.000000
1662794120.497278,0.039133,0.098875,0.029660,0.000000
1662794120.780472,0.039133,0.076903,0.013973,0.000000
1662794121.083736,0.039133,0.043944,0.005430,0.000000
1662794121.378655,0.039133,0.021972,0.020477,0.000000
1662794121.663099,0.030252,0.021973,0.013908,0.000000
1662794121.950015,0.030252,0.032959,0.020619,0.000000
1662794122.254596,0.030252,0.065917,0.004081,0.000000
1662794122.538267,0.043593,0.131834,0.009691,0.000000
1662794122.824357,0.069319,0.252683,0.003685,0.000000
1662794123.115616,0.066605,0.274656,0.020020,0.000000
1662794123.411592,0.066605,0.340574,0.004704,0.000000
1662794123.683116,0.065675,0.472409,0.046189,0.000000
1662794123.906462,0.065675,0.549312,0.023744,0.000000
1662794124.130446,0.039133,0.263668,0.016607,0.000000
1662794124.353347,0.066605,0.527339,0.014630,0.000000
1662794124.595467,0.039133,0.219723,0.001967,0.000000
1662794124.921889,0.000000,0.000000,0.000000,0.000000
1662794125.204492,0.065390,0.120848,0.021249,0.000000
1662794125.528315,0.065390,0.054931,0.038090,0.000000
1662794125.852869,0.035836,0.065918,0.009378,0.000000
1662794126.186276,0.030252,0.142821,0.002950,0.000000
1662794126.510661,0.057375,0.417478,0.030246,0.000000
1662794126.753130,0.028146,0.285640,0.021694,0.000000
1662794126.934914,0.085164,0.867915,0.034295,0.000000
1662794127.177743,0.000000,0.000000,0.000000,0.000000
1662794127.340064,0.056293,0.582270,0.000937,0.000000
1662794127.564758,0.000000,0.000000,0.000000,0.000000
1662794127.706138,0.087304,1.043695,0.023810,0.000000
1662794127.873618,0.117398,1.450190,0.051529,0.020132
1662794128.038006,0.060505,0.736078,0.048558,0.000000
1662794128.219697,0.000000,0.000000,0.000000,0.000000
1662794128.364837,0.029053,0.362543,0.013196,0.000000
1662794128.536335,0.000000,0.000000,0.000000,0.000000
1662794128.678254,0.024083,0.351556,0.010032,0.000000
1662794128.861795,0.062186,0.725092,0.016134,0.020190
1662794129.003218,0.062186,0.681146,0.017743,0.000000
1662794129.185921,0.024083,0.351557,0.008246,0.000000
1662794129.387921,0.000000,0.000000,0.000000,0.000000
1662794129.518288,0.056240,0.648187,0.009631,0.000000
1662794129.721218,0.078197,0.834956,0.020344,0.020187
1662794129.943982,0.055452,0.406490,0.021771,0.000000
1662794130.328032,0.055452,0.252683,0.019256,0.000000
1662794130.674078,0.024083,0.131834,0.056447,0.000000
1662794131.000714,0.058540,0.296629,0.005457,0.000000
1662794131.324836,0.058540,0.296629,0.046751,0.000000
1662794131.688424,0.086227,0.549314,0.049536,0.040344
1662794131.973150,0.029053,0.197751,0.011739,0.000000
1662794132.276653,0.072633,0.351559,0.035239,0.000000
1662794132.624856,0.093493,0.538327,0.010895,0.040370
1662794132.927692,0.021797,0.186764,0.000686,0.000000
1662794133.211010,0.122796,0.812985,0.015227,0.040431
1662794133.480385,0.065390,0.395504,0.026686,0.000000
1662794133.788962,0.030252,0.208737,0.024974,0.000000
1662794134.071956,0.126424,0.780026,0.028432,0.040361
1662794134.364982,0.075872,0.329587,0.005708,0.000000
1662794134.693210,0.028146,0.142820,0.004099,0.000000
1662794134.981175,0.103797,0.263670,0.016263,0.000000
1662794135.305779,0.037528,0.054931,0.012116,0.000000
1662794135.631812,0.000000,0.000000,0.000000,0.000000
1662794135.922746,0.065675,0.032959,0.012318,0.000000
1662794136.270291,0.000000,0.000000,0.000000,0.000000
1662794136.532898,0.075057,0.010986,0.009264,0.000000
1662794136.837069,0.065675,0.000000,0.002903,0.000000
1662794137.121696,0.065675,0.010986,0.037056,0.000000
1662794137.409428,0.075057,0.021973,0.036877,0.000000
1662794137.692605,0.075057,0.000000,0.024433,0.000000
1662794137.984845,0.037528,0.000000,0.015435,0.000000
1662794138.249735,0.103203,0.032959,0.003281,0.000000
1662794138.537783,0.039133,0.010986,0.027265,0.000000
1662794138.823449,0.140732,0.000000,0.006114,0.040335
1662794139.072350,0.103203,0.010986,0.030658,0.000000
1662794139.380661,0.065675,0.043945,0.015350,0.000000
1662794139.683819,0.140732,0.054931,0.027782,0.040361
1662794139.975085,0.065675,0.032959,0.042957,0.000000
1662794140.318416,0.037528,0.010986,0.003082,0.000000
1662794140.622603,0.065675,0.021972,0.018372,0.000000
1662794140.956698,0.084439,0.010986,0.015198,0.000000
1662794141.325248,0.075057,0.021973,0.006243,0.000000
1662794141.738627,0.018764,0.010986,0.021066,0.000000
1662794142.266360,0.000000,0.000000,0.000000,0.000000
1662794142.781082,0.018764,0.000000,0.042584,0.024383
1662794143.287382,0.009382,0.000000,0.030369,0.040519
1662794143.825597,0.000000,0.000000,0.009597,0.040402
1662794144.337038,0.009382,0.000000,0.005965,0.040363
1662794144.873251,0.000000,0.000000,0.002591,0.049332
1662794145.385404,0.009382,0.000000,0.008124,0.040250
1662794145.894614,0.000000,0.000000,0.000000,0.000000
1662794146.403152,0.000000,0.000000,0.000000,0.000000
